"","DIST","SCHL","Gr07_Stu","Gr7PctIn","Gr7PctNotIn","Year"
"1",64733,100297,50," 52.0"," 48.0",2006
"2",64733,100776,21," 66.7"," 33.3",2006
"3",64733,100867,55," 63.6"," 36.4",2006
"4",64733,101311,3,"*","*",2006
"5",64733,101329,2,"*","*",2006
"6",64733,101634,68," 63.2"," 36.8",2006
"7",64733,102137,3,"*","*",2006
"8",64733,102335,17," 76.5"," 23.5",2006
"9",64733,106971,665," 58.5"," 41.5",2006
"10",64733,106989,440," 55.0"," 45.0",2006
"11",64733,107011,107," 47.7"," 52.3",2006
"12",64733,109884,46," 67.4"," 32.6",2006
"13",64733,1931054,94," 55.3"," 44.7",2006
"14",64733,1931070,62," 71.0"," 29.0",2006
"15",64733,1931633,2,"*","*",2006
"16",64733,1931658,17," 58.8"," 41.2",2006
"17",64733,1931716,59," 54.2"," 45.8",2006
"18",64733,1932391,1,"*","*",2006
"19",64733,1932540,221," 69.2"," 30.8",2006
"20",64733,1932847,235," 76.6"," 23.4",2006
"21",64733,1932896,66," 60.6"," 39.4",2006
"22",64733,1933233,209," 75.1"," 24.9",2006
"23",64733,1939784,11," 63.6"," 36.4",2006
"24",64733,1996073,10,"*","*",2006
"25",64733,1996115,73," 58.9"," 41.1",2006
"26",64733,1996610,67," 46.3"," 53.7",2006
"27",64733,1996636,41," 61.0"," 39.0",2006
"28",64733,1996651,2,"*","*",2006
"29",64733,6016349,94," 53.2"," 46.8",2006
"30",64733,6016885,452," 62.4"," 37.6",2006
"31",64733,6017487,108," 51.9"," 48.1",2006
"32",64733,6018865,17," 64.7"," 35.3",2006
"33",64733,6019475,122," 66.4"," 33.6",2006
"34",64733,6019715,124," 59.7"," 40.3",2006
"35",64733,6057855,683," 59.3"," 40.7",2006
"36",64733,6057871,502," 62.7"," 37.3",2006
"37",64733,6057889,829," 56.8"," 43.2",2006
"38",64733,6057897,612," 61.8"," 38.2",2006
"39",64733,6057905,580," 57.1"," 42.9",2006
"40",64733,6057913,545," 56.9"," 43.1",2006
"41",64733,6057921,873," 52.8"," 47.2",2006
"42",64733,6057939,1104," 61.3"," 38.7",2006
"43",64733,6057947,426," 61.0"," 39.0",2006
"44",64733,6057954,572," 59.4"," 40.6",2006
"45",64733,6057962,717," 51.9"," 48.1",2006
"46",64733,6057988,452," 63.9"," 36.1",2006
"47",64733,6057996,594," 70.5"," 29.5",2006
"48",64733,6058002,424," 62.3"," 37.7",2006
"49",64733,6058028,637," 58.6"," 41.4",2006
"50",64733,6058036,664," 53.5"," 46.5",2006
"51",64733,6058044,553," 62.0"," 38.0",2006
"52",64733,6058051,836," 46.4"," 53.6",2006
"53",64733,6058069,477," 64.2"," 35.8",2006
"54",64733,6058077,530," 60.2"," 39.8",2006
"55",64733,6058085,948," 66.4"," 33.6",2006
"56",64733,6058093,662," 69.9"," 30.1",2006
"57",64733,6058101,370," 53.0"," 47.0",2006
"58",64733,6058119,448," 55.8"," 44.2",2006
"59",64733,6058127,326," 56.7"," 43.3",2006
"60",64733,6058135,375," 60.3"," 39.7",2006
"61",64733,6058143,778," 49.4"," 50.6",2006
"62",64733,6058150,659," 79.4"," 20.6",2006
"63",64733,6058168,554," 69.0"," 31.0",2006
"64",64733,6058176,726," 59.8"," 40.2",2006
"65",64733,6058184,583," 62.8"," 37.2",2006
"66",64733,6058192,637," 62.5"," 37.5",2006
"67",64733,6058200,392," 59.9"," 40.1",2006
"68",64733,6058218,710," 60.7"," 39.3",2006
"69",64733,6058226,620," 75.0"," 25.0",2006
"70",64733,6058242,561," 64.2"," 35.8",2006
"71",64733,6058267,639," 77.5"," 22.5",2006
"72",64733,6058275,545," 69.5"," 30.5",2006
"73",64733,6058283,633," 58.1"," 41.9",2006
"74",64733,6058291,662," 59.5"," 40.5",2006
"75",64733,6058309,994," 60.0"," 40.0",2006
"76",64733,6058317,875," 50.1"," 49.9",2006
"77",64733,6058325,492," 62.0"," 38.0",2006
"78",64733,6058333,467," 61.0"," 39.0",2006
"79",64733,6058341,883," 55.0"," 45.0",2006
"80",64733,6058358,428," 30.4"," 69.6",2006
"81",64733,6058366,645," 66.7"," 33.3",2006
"82",64733,6058374,666," 57.1"," 42.9",2006
"83",64733,6058382,369," 62.6"," 37.4",2006
"84",64733,6060495,9,"*","*",2006
"85",64733,6060503,10,"*","*",2006
"86",64733,6060511,6,"*","*",2006
"87",64733,6060529,46," 54.3"," 45.7",2006
"88",64733,6060545,1,"*","*",2006
"89",64733,6061394,516," 61.0"," 39.0",2006
"90",64733,6061402,1065," 58.1"," 41.9",2006
"91",64733,6061410,700," 64.3"," 35.7",2006
"92",64733,6061428,509," 60.5"," 39.5",2006
"93",64733,6061436,619," 67.9"," 32.1",2006
"94",64733,6061444,746," 50.0"," 50.0",2006
"95",64733,6061451,648," 50.3"," 49.7",2006
"96",64733,6061469,1166," 48.5"," 51.5",2006
"97",64733,6061477,716," 78.5"," 21.5",2006
"98",64733,6061485,494," 64.8"," 35.2",2006
"99",64733,6061501,683," 60.6"," 39.4",2006
"100",64733,6061519,768," 61.5"," 38.5",2006
"101",64733,6061527,504," 61.3"," 38.7",2006
"102",64733,6061535,460," 52.0"," 48.0",2006
"103",64733,6061543,768," 76.8"," 23.2",2006
"104",64733,6061550,582," 65.5"," 34.5",2006
"105",64733,6061568,338," 67.5"," 32.5",2006
"106",64733,6061576,770," 59.5"," 40.5",2006
"107",64733,6061584,672," 68.0"," 32.0",2006
"108",64733,6061600,847," 51.2"," 48.8",2006
"109",64733,6062699,618," 68.8"," 31.2",2006
"110",64733,6066294,430," 55.6"," 44.4",2006
"111",64733,6068431,762," 50.5"," 49.5",2006
"112",64733,6069157,19," 63.2"," 36.8",2006
"113",64733,6107064,362," 58.0"," 42.0",2006
"114",64733,6112536,91," 41.8"," 58.2",2006
"115",64733,6115794,889," 58.3"," 41.7",2006
"116",64733,6118186,247," 51.8"," 48.2",2006
"117",64733,6119895,12," 83.3"," 16.7",2006
"118",64733,6117048,80,"  0.0","100.0",2006
"119",64733,6116750,47," 53.2"," 46.8",2006
"120",64733,6117667,111," 69.4"," 30.6",2006
"121",64733,6118194,92," 57.6"," 42.4",2006
"122",64733,6119945,95," 56.8"," 43.2",2006
"123",64733,102756,74," 51.4"," 48.6",2006
"124",64733,101444,61," 68.9"," 31.1",2006
"125",64733,100669,45," 68.9"," 31.1",2006
"126",64733,101683,65," 81.5"," 18.5",2006
"127",64733,102541,71," 69.0"," 31.0",2006
"128",64733,109553,118," 74.6"," 25.4",2006
"129",64733,106351,47," 83.0"," 17.0",2006
"210",64733,100297,74," 62.2"," 37.8",2007
"310",64733,100776,34," 61.8"," 38.2",2007
"410",64733,100867,54," 64.8"," 35.2",2007
"510",64733,101311,7,"*","*",2007
"610",64733,101329,6,"*","*",2007
"710",64733,101634,73," 71.2"," 28.8",2007
"810",64733,102137,4,"*","*",2007
"910",64733,102335,24," 95.8","  4.2",2007
"1110",64733,106971,673," 59.1"," 40.9",2007
"1210",64733,106989,446," 54.3"," 45.7",2007
"139",64733,107011,112," 61.6"," 38.4",2007
"161",64733,109884,45," 68.9"," 31.1",2007
"201",64733,1931054,111," 64.0"," 36.0",2007
"211",64733,1931070,62," 74.2"," 25.8",2007
"221",64733,1931658,7,"*","*",2007
"231",64733,1931716,59," 66.1"," 33.9",2007
"241",64733,1932540,342," 63.2"," 36.8",2007
"251",64733,1932847,229," 79.5"," 20.5",2007
"261",64733,1932896,65," 55.4"," 44.6",2007
"271",64733,1933233,203," 79.3"," 20.7",2007
"281",64733,1939784,22," 54.5"," 45.5",2007
"291",64733,1996073,22," 68.2"," 31.8",2007
"301",64733,1996115,75," 65.3"," 34.7",2007
"311",64733,1996610,62," 53.2"," 46.8",2007
"321",64733,1996636,43," 53.5"," 46.5",2007
"331",64733,1996651,16," 43.8"," 56.3",2007
"341",64733,6016349,101," 59.4"," 40.6",2007
"351",64733,6016885,467," 58.0"," 42.0",2007
"361",64733,6017487,81," 49.4"," 50.6",2007
"371",64733,6018865,26," 30.8"," 69.2",2007
"381",64733,6019475,120," 58.3"," 41.7",2007
"401",64733,6057855,536," 60.1"," 39.9",2007
"411",64733,6057871,460," 59.6"," 40.4",2007
"421",64733,6057889,761," 55.1"," 44.9",2007
"431",64733,6057897,594," 59.1"," 40.9",2007
"441",64733,6057905,586," 54.1"," 45.9",2007
"451",64733,6057913,565," 56.6"," 43.4",2007
"461",64733,6057921,619," 46.4"," 53.6",2007
"471",64733,6057939,989," 58.3"," 41.7",2007
"481",64733,6057947,419," 61.6"," 38.4",2007
"491",64733,6057954,601," 65.4"," 34.6",2007
"501",64733,6057962,726," 51.4"," 48.6",2007
"511",64733,6057988,461," 67.0"," 33.0",2007
"521",64733,6057996,682," 62.2"," 37.8",2007
"531",64733,6058002,524," 55.0"," 45.0",2007
"541",64733,6058028,512," 56.4"," 43.6",2007
"551",64733,6058036,641," 52.6"," 47.4",2007
"561",64733,6058044,466," 63.9"," 36.1",2007
"571",64733,6058051,817," 49.6"," 50.4",2007
"581",64733,6058069,486," 64.0"," 36.0",2007
"591",64733,6058077,515," 57.3"," 42.7",2007
"601",64733,6058085,916," 63.2"," 36.8",2007
"611",64733,6058093,629," 65.2"," 34.8",2007
"621",64733,6058101,373," 53.9"," 46.1",2007
"631",64733,6058119,408," 60.0"," 40.0",2007
"641",64733,6058127,421," 61.8"," 38.2",2007
"651",64733,6058135,355," 58.6"," 41.4",2007
"661",64733,6058143,825," 51.5"," 48.5",2007
"671",64733,6058150,631," 79.7"," 20.3",2007
"681",64733,6058168,517," 62.5"," 37.5",2007
"691",64733,6058176,764," 60.3"," 39.7",2007
"701",64733,6058184,600," 53.7"," 46.3",2007
"711",64733,6058192,677," 64.0"," 36.0",2007
"721",64733,6058200,353," 60.1"," 39.9",2007
"731",64733,6058218,720," 63.7"," 36.2",2007
"741",64733,6058226,636," 72.8"," 27.2",2007
"751",64733,6058242,578," 66.6"," 33.4",2007
"761",64733,6058267,655," 82.7"," 17.3",2007
"771",64733,6058275,618," 70.2"," 29.8",2007
"781",64733,6058283,599," 56.3"," 43.7",2007
"791",64733,6058291,683," 60.2"," 39.8",2007
"801",64733,6058309,1027," 62.2"," 37.8",2007
"811",64733,6058317,861," 58.4"," 41.6",2007
"821",64733,6058325,552," 54.0"," 46.0",2007
"831",64733,6058333,530," 61.3"," 38.7",2007
"841",64733,6058341,919," 52.7"," 47.3",2007
"851",64733,6058358,362," 56.4"," 43.6",2007
"861",64733,6058366,655," 61.8"," 38.2",2007
"871",64733,6058374,702," 58.4"," 41.6",2007
"881",64733,6058382,346," 65.9"," 34.1",2007
"901",64733,6060495,19," 63.2"," 36.8",2007
"911",64733,6060503,8,"*","*",2007
"921",64733,6060511,7,"*","*",2007
"931",64733,6060529,20," 65.0"," 35.0",2007
"941",64733,6060545,13," 46.2"," 53.8",2007
"951",64733,6061394,445," 59.8"," 40.2",2007
"961",64733,6061402,993," 57.9"," 42.1",2007
"971",64733,6061410,765," 71.1"," 28.9",2007
"981",64733,6061428,531," 58.8"," 41.2",2007
"991",64733,6061436,629," 63.0"," 37.0",2007
"1001",64733,6061444,723," 56.6"," 43.4",2007
"1011",64733,6061451,872," 54.1"," 45.9",2007
"1021",64733,6061469,1212," 59.1"," 40.9",2007
"1031",64733,6061477,702," 75.1"," 24.9",2007
"1041",64733,6061485,381," 63.0"," 37.0",2007
"1051",64733,6061501,649," 62.7"," 37.3",2007
"1061",64733,6061519,734," 60.4"," 39.6",2007
"1071",64733,6061527,474," 61.6"," 38.4",2007
"1081",64733,6061535,561," 56.5"," 43.5",2007
"1091",64733,6061543,852," 75.8"," 24.2",2007
"1101",64733,6061550,592," 59.8"," 40.2",2007
"1111",64733,6061568,316," 76.9"," 23.1",2007
"1121",64733,6061576,821," 59.2"," 40.8",2007
"1131",64733,6061584,624," 67.9"," 32.1",2007
"1141",64733,6061600,825," 56.8"," 43.2",2007
"1151",64733,6062699,644," 65.7"," 34.3",2007
"1161",64733,6066294,435," 54.5"," 45.5",2007
"1171",64733,6068431,759," 51.4"," 48.6",2007
"1181",64733,6069157,25," 60.0"," 40.0",2007
"1191",64733,6107064,326," 60.7"," 39.3",2007
"1201",64733,6112536,156," 58.3"," 41.7",2007
"1211",64733,6115794,795," 55.5"," 44.5",2007
"1221",64733,6118186,258," 59.7"," 40.3",2007
"1231",64733,6118194,77," 72.7"," 27.3",2007
"1241",64733,6119895,15," 86.7"," 13.3",2007
"1261",64733,6019715,130," 49.2"," 50.8",2007
"1271",64733,6116750,102," 64.7"," 35.3",2007
"1281",64733,6117667,56," 73.2"," 26.8",2007
"1291",64733,6119945,95," 63.2"," 36.8",2007
"132",64733,101444,85," 56.5"," 43.5",2007
"133",64733,101683,69," 73.9"," 26.1",2007
"134",64733,102541,102," 50.0"," 50.0",2007
"135",64733,106351,43," 74.4"," 25.6",2007
"212",64733,100297,38," 52.6"," 47.4",2008
"312",64733,100776,62," 51.6"," 48.4",2008
"412",64733,100867,88," 58.0"," 42.0",2008
"512",64733,101311,3,"*","*",2008
"612",64733,101329,4,"*","*",2008
"712",64733,101634,75," 70.7"," 29.3",2008
"812",64733,102335,24," 95.8","  4.2",2008
"1010",64733,106971,643," 57.4"," 42.6",2008
"1112",64733,106989,429," 54.3"," 45.7",2008
"1212",64733,107011,128," 54.7"," 45.3",2008
"141",64733,109884,51," 58.8"," 41.2",2008
"242",64733,1931054,113," 58.4"," 41.6",2008
"252",64733,1931070,56," 57.1"," 42.9",2008
"262",64733,1931658,22," 45.5"," 54.5",2008
"272",64733,1931716,52," 57.7"," 42.3",2008
"282",64733,1932540,372," 68.3"," 31.7",2008
"292",64733,1932847,238," 77.7"," 22.3",2008
"302",64733,1932896,61," 59.0"," 41.0",2008
"313",64733,1933233,202," 80.7"," 19.3",2008
"332",64733,1939784,12," 58.3"," 41.7",2008
"342",64733,1996115,66," 57.6"," 42.4",2008
"352",64733,1996610,67," 53.7"," 46.3",2008
"362",64733,1996636,47," 66.0"," 34.0",2008
"372",64733,1996651,24," 54.2"," 45.8",2008
"382",64733,6016349,93," 65.6"," 34.4",2008
"391",64733,6016885,418," 61.2"," 38.8",2008
"402",64733,6018865,24," 45.8"," 54.2",2008
"413",64733,6019475,120," 54.2"," 45.8",2008
"432",64733,6057855,534," 60.1"," 39.9",2008
"442",64733,6057871,427," 63.9"," 36.1",2008
"452",64733,6057889,774," 55.4"," 44.6",2008
"462",64733,6057897,561," 60.6"," 39.4",2008
"472",64733,6057905,563," 63.1"," 36.9",2008
"482",64733,6057913,531," 62.1"," 37.9",2008
"492",64733,6057921,554," 51.6"," 48.4",2008
"502",64733,6057939,1065," 57.1"," 42.9",2008
"513",64733,6057947,386," 64.5"," 35.5",2008
"522",64733,6057954,590," 64.9"," 35.1",2008
"532",64733,6057962,719," 53.1"," 46.9",2008
"542",64733,6057988,377," 62.3"," 37.7",2008
"552",64733,6057996,630," 63.7"," 36.3",2008
"562",64733,6058002,444," 52.5"," 47.5",2008
"572",64733,6058028,537," 60.3"," 39.7",2008
"582",64733,6058036,636," 56.0"," 44.0",2008
"592",64733,6058044,489," 57.7"," 42.3",2008
"602",64733,6058051,769," 56.7"," 43.3",2008
"613",64733,6058069,519," 66.7"," 33.3",2008
"622",64733,6058077,499," 65.3"," 34.7",2008
"632",64733,6058085,925," 63.5"," 36.5",2008
"642",64733,6058093,608," 63.2"," 36.8",2008
"652",64733,6058101,309," 54.4"," 45.6",2008
"662",64733,6058119,411," 58.9"," 41.1",2008
"672",64733,6058127,325," 56.9"," 43.1",2008
"682",64733,6058135,294," 55.8"," 44.2",2008
"692",64733,6058143,737," 56.2"," 43.8",2008
"702",64733,6058150,634," 77.6"," 22.4",2008
"713",64733,6058168,429," 61.3"," 38.7",2008
"722",64733,6058176,682," 55.7"," 44.3",2008
"732",64733,6058184,615," 51.4"," 48.6",2008
"742",64733,6058192,657," 65.0"," 35.0",2008
"752",64733,6058200,417," 59.2"," 40.8",2008
"762",64733,6058218,754," 60.3"," 39.7",2008
"772",64733,6058226,624," 71.6"," 28.4",2008
"782",64733,6058242,590," 67.8"," 32.2",2008
"792",64733,6058267,687," 82.2"," 17.8",2008
"802",64733,6058275,592," 70.1"," 29.9",2008
"813",64733,6058283,589," 57.0"," 43.0",2008
"822",64733,6058291,692," 62.3"," 37.7",2008
"832",64733,6058309,825," 53.8"," 46.2",2008
"842",64733,6058317,812," 60.3"," 39.7",2008
"852",64733,6058325,529," 59.5"," 40.5",2008
"862",64733,6058333,479," 67.0"," 33.0",2008
"872",64733,6058341,755," 57.4"," 42.6",2008
"882",64733,6058358,272," 52.6"," 47.4",2008
"891",64733,6058366,614," 69.4"," 30.6",2008
"902",64733,6058374,706," 56.2"," 43.8",2008
"912",64733,6058382,366," 69.4"," 30.6",2008
"932",64733,6060495,27," 74.1"," 25.9",2008
"942",64733,6060503,12," 66.7"," 33.3",2008
"952",64733,6060511,7,"*","*",2008
"962",64733,6060529,21," 71.4"," 28.6",2008
"972",64733,6060545,17," 70.6"," 29.4",2008
"982",64733,6061394,419," 56.1"," 43.9",2008
"992",64733,6061402,747," 58.9"," 41.1",2008
"1002",64733,6061410,738," 66.1"," 33.9",2008
"1012",64733,6061428,495," 55.2"," 44.8",2008
"1022",64733,6061436,628," 65.0"," 35.0",2008
"1032",64733,6061444,660," 60.6"," 39.4",2008
"1042",64733,6061451,783," 59.1"," 40.9",2008
"1052",64733,6061469,1138," 54.5"," 45.5",2008
"1062",64733,6061477,706," 79.3"," 20.7",2008
"1072",64733,6061485,425," 62.6"," 37.4",2008
"1082",64733,6061501,578," 62.5"," 37.5",2008
"1092",64733,6061519,699," 58.5"," 41.5",2008
"1102",64733,6061527,451," 52.5"," 47.5",2008
"1113",64733,6061535,571," 57.3"," 42.7",2008
"1122",64733,6061543,741," 80.4"," 19.6",2008
"1132",64733,6061550,603," 62.4"," 37.6",2008
"1142",64733,6061568,286," 78.7"," 21.3",2008
"1152",64733,6061576,752," 58.2"," 41.8",2008
"1162",64733,6061584,659," 73.1"," 26.9",2008
"1172",64733,6061600,842," 54.9"," 45.1",2008
"1182",64733,6062699,604," 71.7"," 28.3",2008
"1192",64733,6066294,356," 58.4"," 41.6",2008
"1202",64733,6068431,753," 62.4"," 37.6",2008
"1213",64733,6069157,25," 80.0"," 20.0",2008
"1222",64733,6107064,318," 52.8"," 47.2",2008
"1232",64733,6112536,110," 63.6"," 36.4",2008
"1242",64733,6115794,730," 53.7"," 46.3",2008
"1251",64733,6118186,260," 55.4"," 44.6",2008
"1272",64733,6019715,126," 57.9"," 42.1",2008
"1282",64733,6116750,100," 65.0"," 35.0",2008
"1292",64733,6118194,74," 67.6"," 32.4",2008
"130",64733,6119945,91," 65.9"," 34.1",2008
"1321",64733,101444,74," 77.0"," 23.0",2008
"1331",64733,100669,54," 72.2"," 27.8",2008
"1341",64733,101683,63," 82.5"," 17.5",2008
"1351",64733,102541,25," 24.0"," 76.0",2008
"136",64733,106351,88," 71.6"," 28.4",2008
"137",64733,6117667,110," 53.6"," 46.4",2008
"213",64733,100776,29," 72.4"," 27.6",2009
"314",64733,101329,2,"*","*",2009
"414",64733,101634,60," 66.7"," 33.3",2009
"514",64733,102335,23," 91.3","  8.7",2009
"714",64733,106971,720," 64.3"," 35.7",2009
"814",64733,106989,442," 56.1"," 43.9",2009
"913",64733,107011,111," 49.5"," 50.5",2009
"1114",64733,109884,55," 50.9"," 49.1",2009
"243",64733,1931054,83," 65.1"," 34.9",2009
"253",64733,1931070,59," 44.1"," 55.9",2009
"263",64733,1931658,13," 15.4"," 84.6",2009
"273",64733,1931716,54," 64.8"," 35.2",2009
"283",64733,1932540,361," 73.4"," 26.6",2009
"293",64733,1932847,195," 71.8"," 28.2",2009
"303",64733,1932896,60," 71.7"," 28.3",2009
"315",64733,1933233,209," 76.6"," 23.4",2009
"322",64733,1939784,16," 75.0"," 25.0",2009
"333",64733,1996115,64," 62.5"," 37.5",2009
"343",64733,1996610,67," 56.7"," 43.3",2009
"353",64733,1996636,42," 38.1"," 61.9",2009
"363",64733,1996651,18," 72.2"," 27.8",2009
"373",64733,6016349,87," 65.5"," 34.5",2009
"383",64733,6016885,392," 58.9"," 41.1",2009
"392",64733,6018865,22," 54.5"," 45.5",2009
"403",64733,6019475,114," 63.2"," 36.8",2009
"422",64733,6057855,515," 60.6"," 39.4",2009
"433",64733,6057871,461," 60.7"," 39.3",2009
"443",64733,6057889,741," 54.0"," 46.0",2009
"453",64733,6057897,470," 56.6"," 43.4",2009
"463",64733,6057905,545," 55.4"," 44.6",2009
"473",64733,6057913,505," 58.8"," 41.2",2009
"483",64733,6057921,617," 52.2"," 47.8",2009
"493",64733,6057939,894," 59.1"," 40.9",2009
"503",64733,6057947,348," 63.2"," 36.8",2009
"515",64733,6057954,543," 62.2"," 37.8",2009
"523",64733,6057962,684," 54.2"," 45.8",2009
"533",64733,6057988,344," 67.7"," 32.3",2009
"543",64733,6057996,605," 65.3"," 34.7",2009
"553",64733,6058002,415," 55.4"," 44.6",2009
"563",64733,6058028,557," 61.4"," 38.6",2009
"573",64733,6058036,589," 61.0"," 39.0",2009
"583",64733,6058044,451," 57.4"," 42.6",2009
"593",64733,6058051,739," 56.2"," 43.8",2009
"603",64733,6058069,494," 67.6"," 32.4",2009
"614",64733,6058077,440," 60.0"," 40.0",2009
"623",64733,6058085,846," 59.6"," 40.4",2009
"633",64733,6058093,550," 68.9"," 31.1",2009
"643",64733,6058101,342," 55.3"," 44.7",2009
"653",64733,6058119,349," 61.9"," 38.1",2009
"663",64733,6058127,307," 64.8"," 35.2",2009
"673",64733,6058135,264," 54.2"," 45.8",2009
"683",64733,6058143,731," 58.1"," 41.9",2009
"693",64733,6058150,697," 82.5"," 17.5",2009
"703",64733,6058168,439," 63.6"," 36.4",2009
"715",64733,6058176,648," 61.1"," 38.9",2009
"723",64733,6058184,598," 58.9"," 41.1",2009
"733",64733,6058192,635," 62.7"," 37.3",2009
"743",64733,6058200,355," 64.5"," 35.5",2009
"753",64733,6058218,669," 61.0"," 39.0",2009
"763",64733,6058226,585," 73.7"," 26.3",2009
"773",64733,6058242,621," 65.9"," 34.1",2009
"783",64733,6058267,665," 77.9"," 22.1",2009
"793",64733,6058275,602," 65.4"," 34.6",2009
"803",64733,6058283,482," 56.2"," 43.8",2009
"815",64733,6058291,636," 59.0"," 41.0",2009
"823",64733,6058309,995," 57.2"," 42.8",2009
"833",64733,6058317,758," 60.7"," 39.3",2009
"843",64733,6058325,488," 61.7"," 38.3",2009
"853",64733,6058333,443," 62.3"," 37.7",2009
"863",64733,6058341,711," 58.1"," 41.9",2009
"873",64733,6058358,301," 56.5"," 43.5",2009
"883",64733,6058366,629," 65.7"," 34.3",2009
"892",64733,6058374,663," 58.7"," 41.3",2009
"903",64733,6058382,350," 66.9"," 33.1",2009
"922",64733,6060495,29," 44.8"," 55.2",2009
"933",64733,6060503,14," 14.3"," 85.7",2009
"943",64733,6060511,7,"*","*",2009
"953",64733,6060529,20," 45.0"," 55.0",2009
"963",64733,6060545,12," 66.7"," 33.3",2009
"973",64733,6061394,373," 59.2"," 40.8",2009
"983",64733,6061402,717," 56.8"," 43.2",2009
"993",64733,6061410,703," 73.8"," 26.2",2009
"1003",64733,6061428,398," 55.5"," 44.5",2009
"1013",64733,6061436,643," 66.6"," 33.4",2009
"1023",64733,6061444,625," 61.3"," 38.7",2009
"1033",64733,6061451,761," 62.7"," 37.3",2009
"1043",64733,6061469,1093," 58.8"," 41.2",2009
"1053",64733,6061477,658," 82.4"," 17.6",2009
"1063",64733,6061485,455," 67.5"," 32.5",2009
"1073",64733,6061501,563," 58.4"," 41.6",2009
"1083",64733,6061519,600," 56.2"," 43.8",2009
"1093",64733,6061527,373," 60.1"," 39.9",2009
"1103",64733,6061535,517," 54.5"," 45.5",2009
"1115",64733,6061543,756," 81.6"," 18.4",2009
"1123",64733,6061550,566," 64.0"," 36.0",2009
"1133",64733,6061568,382," 69.9"," 30.1",2009
"1143",64733,6061576,716," 51.0"," 49.0",2009
"1153",64733,6061584,607," 69.0"," 31.0",2009
"1163",64733,6061600,520," 55.4"," 44.6",2009
"1173",64733,6062699,526," 73.4"," 26.6",2009
"1183",64733,6066294,319," 60.8"," 39.2",2009
"1193",64733,6068431,658," 61.6"," 38.4",2009
"1203",64733,6069157,29," 65.5"," 34.5",2009
"1214",64733,6107064,282," 56.7"," 43.3",2009
"1223",64733,6112536,146," 58.2"," 41.8",2009
"1233",64733,6115794,743," 57.5"," 42.5",2009
"1243",64733,6118186,268," 68.3"," 31.7",2009
"1262",64733,6019715,127," 56.7"," 43.3",2009
"1273",64733,6116750,102," 62.7"," 37.3",2009
"1283",64733,6117667,115," 50.4"," 49.6",2009
"1293",64733,6118194,105," 68.6"," 31.4",2009
"1301",64733,6119945,89," 61.8"," 38.2",2009
"1332",64733,101444,87," 63.2"," 36.8",2009
"1342",64733,100867,74," 64.9"," 35.1",2009
"1352",64733,100669,79," 60.8"," 39.2",2009
"1361",64733,101683,51," 68.6"," 31.4",2009
"1371",64733,109553,106," 62.3"," 37.7",2009
"138",64733,106351,99," 75.8"," 24.2",2009
"214",64733,101311,2,"*","*",2010
"316",64733,101329,2,"*","*",2010
"415",64733,106971,592," 64.7"," 35.3",2010
"516",64733,106989,447," 53.2"," 46.8",2010
"615",64733,107011,93," 50.5"," 49.5",2010
"171",64733,1931054,82," 59.8"," 40.2",2010
"181",64733,1931070,57," 56.1"," 43.9",2010
"191",64733,1931658,21," 57.1"," 42.9",2010
"202",64733,1931716,60," 63.3"," 36.7",2010
"215",64733,1932540,368," 69.8"," 30.2",2010
"222",64733,1932847,235," 74.0"," 26.0",2010
"232",64733,1932896,68," 61.8"," 38.2",2010
"244",64733,1933233,214," 76.6"," 23.4",2010
"264",64733,1996115,64," 60.9"," 39.1",2010
"274",64733,1996610,57," 50.9"," 49.1",2010
"284",64733,1996636,41," 61.0"," 39.0",2010
"294",64733,1996651,39,"  5.1"," 94.9",2010
"304",64733,6016349,94," 60.6"," 39.4",2010
"317",64733,6016885,380," 62.4"," 37.6",2010
"323",64733,6018865,24," 66.7"," 33.3",2010
"334",64733,6019475,119," 55.5"," 44.5",2010
"364",64733,6057855,478," 57.7"," 42.3",2010
"374",64733,6057871,458," 60.5"," 39.5",2010
"384",64733,6057889,734," 55.7"," 44.3",2010
"393",64733,6057897,437," 59.7"," 40.3",2010
"404",64733,6057905,600," 58.0"," 42.0",2010
"416",64733,6057913,461," 61.0"," 39.0",2010
"423",64733,6057921,582," 53.4"," 46.6",2010
"434",64733,6057939,957," 53.9"," 46.1",2010
"444",64733,6057947,317," 62.1"," 37.9",2010
"454",64733,6057954,587," 64.4"," 35.6",2010
"464",64733,6057962,631," 52.5"," 47.5",2010
"474",64733,6057988,302," 68.9"," 31.1",2010
"484",64733,6057996,607," 66.6"," 33.4",2010
"494",64733,6058002,409," 57.2"," 42.8",2010
"504",64733,6058028,436," 51.1"," 48.9",2010
"517",64733,6058036,617," 58.8"," 41.2",2010
"524",64733,6058044,415," 68.4"," 31.6",2010
"534",64733,6058051,675," 51.4"," 48.6",2010
"544",64733,6058069,492," 68.1"," 31.9",2010
"554",64733,6058077,422," 65.2"," 34.8",2010
"564",64733,6058085,662," 63.7"," 36.3",2010
"574",64733,6058093,540," 70.0"," 30.0",2010
"584",64733,6058101,293," 52.2"," 47.8",2010
"594",64733,6058119,307," 46.6"," 53.4",2010
"604",64733,6058127,268," 59.3"," 40.7",2010
"616",64733,6058135,249," 54.6"," 45.4",2010
"624",64733,6058143,679," 51.8"," 48.2",2010
"634",64733,6058150,625," 77.3"," 22.7",2010
"644",64733,6058168,366," 69.1"," 30.9",2010
"654",64733,6058176,579," 58.0"," 42.0",2010
"664",64733,6058184,561," 65.4"," 34.6",2010
"674",64733,6058192,551," 66.4"," 33.6",2010
"684",64733,6058200,346," 68.2"," 31.8",2010
"694",64733,6058218,592," 60.3"," 39.7",2010
"704",64733,6058226,591," 74.5"," 25.5",2010
"716",64733,6058242,590," 71.4"," 28.6",2010
"724",64733,6058267,657," 83.4"," 16.6",2010
"734",64733,6058275,591," 69.0"," 31.0",2010
"744",64733,6058283,584," 67.0"," 33.0",2010
"754",64733,6058291,638," 63.9"," 36.1",2010
"764",64733,6058309,865," 57.0"," 43.0",2010
"774",64733,6058317,762," 58.8"," 41.2",2010
"784",64733,6058325,475," 62.3"," 37.7",2010
"794",64733,6058333,428," 66.4"," 33.6",2010
"804",64733,6058341,576," 60.1"," 39.9",2010
"816",64733,6058358,270," 60.4"," 39.6",2010
"824",64733,6058366,594," 58.9"," 41.1",2010
"834",64733,6058374,668," 57.2"," 42.8",2010
"844",64733,6058382,325," 67.7"," 32.3",2010
"854",64733,6060495,24," 41.7"," 58.3",2010
"864",64733,6060511,5,"*","*",2010
"874",64733,6060529,20," 50.0"," 50.0",2010
"884",64733,6060545,11," 54.5"," 45.5",2010
"893",64733,6061394,316," 64.9"," 35.1",2010
"904",64733,6061402,632," 57.1"," 42.9",2010
"914",64733,6061410,638," 72.7"," 27.3",2010
"923",64733,6061428,364," 58.2"," 41.8",2010
"934",64733,6061436,619," 73.3"," 26.7",2010
"944",64733,6061444,578," 59.3"," 40.7",2010
"954",64733,6061451,698," 59.0"," 41.0",2010
"964",64733,6061469,1022," 54.4"," 45.6",2010
"974",64733,6061477,658," 80.2"," 19.8",2010
"984",64733,6061485,394," 70.3"," 29.7",2010
"994",64733,6061501,496," 65.1"," 34.9",2010
"1004",64733,6061519,532," 65.0"," 35.0",2010
"1014",64733,6061527,429," 55.7"," 44.3",2010
"1024",64733,6061535,515," 60.4"," 39.6",2010
"1034",64733,6061543,756," 81.5"," 18.5",2010
"1044",64733,6061550,538," 61.9"," 38.1",2010
"1054",64733,6061568,427," 73.8"," 26.2",2010
"1064",64733,6061576,581," 57.0"," 43.0",2010
"1074",64733,6061584,638," 72.7"," 27.3",2010
"1084",64733,6061600,511," 58.5"," 41.5",2010
"1094",64733,6062699,536," 73.7"," 26.3",2010
"1104",64733,6066294,295," 64.4"," 35.6",2010
"1116",64733,6068431,656," 56.9"," 43.1",2010
"1124",64733,6069157,21," 90.5","  9.5",2010
"1134",64733,6107064,265," 57.0"," 43.0",2010
"1144",64733,6115794,745," 51.3"," 48.7",2010
"1154",64733,6118186,266," 55.3"," 44.7",2010
"1164",64733,6019715,137," 62.0"," 38.0",2010
"1174",64733,6116750,103," 65.0"," 35.0",2010
"1184",64733,6117667,114," 60.5"," 39.5",2010
"1194",64733,6118194,85," 82.4"," 17.6",2010
"1215",64733,6119945,90," 58.9"," 41.1",2010
"1252",64733,100867,87," 40.2"," 59.8",2010
"1263",64733,100669,104," 57.7"," 42.3",2010
"1274",64733,100776,30," 63.3"," 36.7",2010
"1284",64733,101683,89," 69.7"," 30.3",2010
"1294",64733,101634,75," 57.3"," 42.7",2010
"131",64733,106351,121," 74.4"," 25.6",2010
"1372",64733,109884,87," 57.5"," 42.5",2010
"1100",64733,6016141,63," 44.4","55.6",2011
"2100",64733,1996651,20," 25.0","75",2011
"389",64733,109934,50," 54.0","46",2011
"417",64733,112011,291," 37.1","62.9",2011
"518",64733,1931716,62," 53.2","46.8",2011
"617",64733,119735,329," 41.3","58.7",2011
"717",64733,102137,1,"**",NA,2011
"817",64733,101329,4,"**",NA,2011
"915",64733,106989,421," 41.6","58.4",2011
"1015",64733,6016885,148," 52.0","48",2011
"1117",64733,6017818,74," 56.8","43.2",2011
"1216",64733,6057939,665," 48.4","51.6",2011
"1310",64733,6058309,860," 40.7","59.3",2011
"1410",64733,6058317,679," 45.1","54.9",2011
"1510",64733,6058325,458," 50.2","49.8",2011
"1610",64733,6058333,451," 46.1","53.9",2011
"1710",64733,6058341,378," 39.2","60.8",2011
"1810",64733,6058358,216," 46.8","53.2",2011
"1910",64733,6058366,644," 46.9","53.1",2011
"2010",64733,6058374,622," 40.7","59.3",2011
"2110",64733,6060487,6,"**",NA,2011
"2210",64733,6060495,14," 50.0","50",2011
"2310",64733,6060503,21," 61.9","38.1",2011
"2410",64733,6060511,6,"**",NA,2011
"2510",64733,6115794,598," 43.5","56.5",2011
"2610",64733,6118186,232," 44.8","55.2",2011
"2710",64733,6016349,94," 42.6","57.4",2011
"2810",64733,1996636,26," 46.2","53.8",2011
"2910",64733,1932896,65," 50.8","49.2",2011
"3010",64733,1931054,83," 47.0","53",2011
"3110",64733,1937085,3,"**",NA,2011
"3210",64733,1930064,8,"**",NA,2011
"3310",64733,106971,504," 45.2","54.8",2011
"3410",64733,119701,158," 43.0","57",2011
"3510",64733,1932540,380," 54.7","45.3",2011
"3610",64733,1931658,19," 36.8","63.2",2011
"3710",64733,122416,452," 37.2","62.8",2011
"3810",64733,6058002,371," 43.1","56.9",2011
"394",64733,6058028,278," 30.6","69.4",2011
"405",64733,6058036,508," 39.4","60.6",2011
"418",64733,6107064,204," 46.1","53.9",2011
"424",64733,1933233,226," 55.8","44.2",2011
"435",64733,119693,72," 50.0","50",2011
"445",64733,122390,161," 40.4","59.6",2011
"455",64733,1996115,36," 50.0","50",2011
"465",64733,117044,405," 44.9","55.1",2011
"475",64733,1931070,38," 47.4","52.6",2011
"485",64733,117895,160," 45.0","55",2011
"495",64733,119685,81," 50.6","49.4",2011
"505",64733,124446,105," 36.2","63.8",2011
"519",64733,107011,145," 38.6","61.4",2011
"525",64733,1,120," 50.8","49.2",2011
"535",64733,6017297,34," 47.1","52.9",2011
"545",64733,6017917,53," 37.7","62.3",2011
"555",64733,6018865,13," 23.1","76.9",2011
"565",64733,6019475,132," 47.0","53",2011
"575",64733,6019632,67," 34.3","65.7",2011
"585",64733,6057855,373," 50.9","49.1",2011
"595",64733,6057871,322," 48.1","51.9",2011
"605",64733,6057889,645," 42.8","57.2",2011
"618",64733,6057897,381," 47.0","53",2011
"625",64733,6057905,259," 46.3","53.7",2011
"635",64733,6057913,366," 48.9","51.1",2011
"645",64733,6058077,265," 55.1","44.9",2011
"655",64733,6058085,606," 50.8","49.2",2011
"665",64733,6058093,562," 59.1","40.9",2011
"675",64733,6058101,305," 33.8","66.2",2011
"685",64733,6058119,171," 33.3","66.7",2011
"695",64733,6058127,305," 46.9","53.1",2011
"705",64733,6058135,232," 45.7","54.3",2011
"718",64733,6058143,611," 43.9","56.1",2011
"725",64733,6058150,668," 67.5","32.5",2011
"735",64733,6058168,369," 49.3","50.7",2011
"745",64733,6058176,407," 33.4","66.6",2011
"755",64733,6058184,531," 48.8","51.2",2011
"765",64733,6058192,381," 48.6","51.4",2011
"775",64733,6058382,244," 55.7","44.3",2011
"785",64733,6057921,358," 40.8","59.2",2011
"795",64733,6060586,14," 57.1","42.9",2011
"805",64733,6061394,238," 43.7","56.3",2011
"818",64733,6061402,409," 47.7","52.3",2011
"825",64733,6061410,670," 52.8","47.2",2011
"835",64733,6061436,610," 52.0","48",2011
"845",64733,6061444,608," 42.9","57.1",2011
"855",64733,6061451,411," 44.3","55.7",2011
"865",64733,6061568,417," 61.6","38.4",2011
"875",64733,6061576,622," 44.7","55.3",2011
"885",64733,6061584,614," 60.3","39.7",2011
"894",64733,6061600,421," 38.5","61.5",2011
"905",64733,114199,439," 40.1","59.9",2011
"916",64733,124529,125," 39.2","60.8",2011
"924",64733,122408,154," 42.2","57.8",2011
"935",64733,112060,79," 68.4","31.6",2011
"945",64733,1932847,243," 60.9","39.1",2011
"955",64733,124453,100," 36.0","64",2011
"965",64733,121095,70," 47.1","52.9",2011
"975",64733,6057947,267," 41.9","58.1",2011
"985",64733,6057954,568," 52.5","47.5",2011
"995",64733,6057962,496," 41.5","58.5",2011
"1005",64733,6057988,273," 56.8","43.2",2011
"1016",64733,6058044,357," 35.6","64.4",2011
"1025",64733,6058051,566," 40.8","59.2",2011
"1035",64733,6058200,268," 48.9","51.1",2011
"1045",64733,6058218,538," 42.6","57.4",2011
"1055",64733,6058226,601," 58.6","41.4",2011
"1065",64733,6058242,555," 56.6","43.4",2011
"1075",64733,6058267,686," 71.4","28.6",2011
"1085",64733,6058275,513," 58.9","41.1",2011
"1095",64733,6058283,465," 44.7","55.3",2011
"1105",64733,6058069,543," 54.0","46",2011
"1118",64733,6061469,919," 42.9","57.1",2011
"1125",64733,6061477,608," 68.6","31.4",2011
"1135",64733,6061485,381," 54.1","45.9",2011
"1145",64733,6061501,348," 37.9","62.1",2011
"1155",64733,6061519,486," 47.3","52.7",2011
"1165",64733,6061527,356," 40.7","59.3",2011
"1175",64733,6061535,383," 42.8","57.2",2011
"1185",64733,6061543,803," 60.9","39.1",2011
"1195",64733,6061550,477," 43.4","56.6",2011
"1204",64733,6057996,557," 52.4","47.6",2011
"1217",64733,6062699,553," 56.4","43.6",2011
"1224",64733,6066294,255," 45.9","54.1",2011
"1234",64733,6068431,599," 46.9","53.1",2011
"1244",64733,6069157,21," 38.1","61.9",2011
"1253",64733,6058291,508," 49.6","50.4",2011
"1264",64733,102764,1,"**",NA,2012
"1275",64733,114199,426," 37.8","62.2",2012
"1285",64733,124446,175," 50.9","49.1",2012
"1295",64733,125971,142," 48.6","51.4",2012
"1302",64733,1931054,77," 48.1","51.9",2012
"1311",64733,6016141,57," 43.9","56.1",2012
"1322",64733,6019475,120," 42.5","57.5",2012
"1333",64733,6057855,306," 42.2","57.8",2012
"1343",64733,6057871,352," 48.3","51.7",2012
"1353",64733,6057889,565," 45.0","55",2012
"1362",64733,6057897,416," 44.0","56",2012
"1373",64733,6057905,555," 38.2","61.8",2012
"1381",64733,6058226,540," 56.3","43.7",2012
"1391",64733,6058242,576," 56.1","43.9",2012
"140",64733,6058267,680," 64.0","36",2012
"1411",64733,6058275,521," 55.1","44.9",2012
"142",64733,6058283,327," 37.0","63",2012
"143",64733,6058291,546," 47.1","52.9",2012
"144",64733,6058309,803," 48.3","51.7",2012
"145",64733,6058317,652," 47.4","52.6",2012
"146",64733,6115794,585," 46.0","54",2012
"147",64733,6118186,243," 46.1","53.9",2012
"148",64733,109322,4,"**",NA,2012
"149",64733,117044,418," 46.9","53.1",2012
"150",64733,121095,90," 54.4","45.6",2012
"151",64733,122390,190," 44.2","55.8",2012
"152",64733,122408,183," 42.1","57.9",2012
"153",64733,122416,222," 31.5","68.5",2012
"154",64733,126581,132," 58.3","41.7",2012
"155",64733,126599,73," 47.9","52.1",2012
"156",64733,126607,42," 54.8","45.2",2012
"157",64733,1931658,24," 70.8","29.2",2012
"158",64733,1931716,56," 50.0","50",2012
"159",64733,6016349,88," 52.3","47.7",2012
"160",64733,6017818,67," 56.7","43.3",2012
"1611",64733,6018865,27," 37.0","63",2012
"162",64733,6057913,245," 42.0","58",2012
"163",64733,6057921,349," 41.0","59",2012
"164",64733,6057939,679," 46.4","53.6",2012
"165",64733,6057947,281," 44.1","55.9",2012
"166",64733,6057954,541," 52.5","47.5",2012
"167",64733,6057962,508," 34.1","65.9",2012
"168",64733,6057988,227," 51.5","48.5",2012
"169",64733,6057996,548," 44.5","55.5",2012
"170",64733,6058002,389," 42.7","57.3",2012
"1711",64733,6058028,278," 51.4","48.6",2012
"172",64733,6058036,555," 42.2","57.8",2012
"173",64733,6058044,311," 34.4","65.6",2012
"174",64733,6058051,572," 44.2","55.8",2012
"175",64733,6058069,519," 53.6","46.4",2012
"176",64733,6058077,273," 45.4","54.6",2012
"177",64733,6058325,435," 47.4","52.6",2012
"178",64733,6058333,447," 48.8","51.2",2012
"179",64733,6058341,373," 46.1","53.9",2012
"180",64733,6058358,238," 50.8","49.2",2012
"1811",64733,6058366,636," 52.5","47.5",2012
"182",64733,6058374,536," 40.5","59.5",2012
"183",64733,6058382,217," 56.2","43.8",2012
"184",64733,6060495,20," 40.0","60",2012
"185",64733,6060503,13," 53.8","46.2",2012
"186",64733,6060511,13," 53.8","46.2",2012
"187",64733,6060529,15," 46.7","53.3",2012
"188",64733,6060545,21," 61.9","38.1",2012
"189",64733,6061535,347," 36.9","63.1",2012
"190",64733,6061543,834," 58.3","41.7",2012
"1911",64733,6061550,409," 49.6","50.4",2012
"192",64733,6061568,403," 60.5","39.5",2012
"193",64733,6061576,531," 43.5","56.5",2012
"194",64733,6061584,593," 57.2","42.8",2012
"195",64733,6061600,339," 41.0","59",2012
"196",64733,6062699,558," 62.7","37.3",2012
"197",64733,101329,1,"**",NA,2012
"198",64733,106971,497," 38.8","61.2",2012
"199",64733,106989,484," 48.1","51.9",2012
"200",64733,107011,138," 43.5","56.5",2012
"2011",64733,119685,84," 34.5","65.5",2012
"2021",64733,119693,58," 43.1","56.9",2012
"203",64733,119701,181," 39.8","60.2",2012
"204",64733,119735,259," 35.9","64.1",2012
"205",64733,124453,163," 52.8","47.2",2012
"206",64733,124529,99," 26.3","73.7",2012
"207",64733,126458,182," 43.4","56.6",2012
"208",64733,126466,179," 41.3","58.7",2012
"209",64733,1933233,226," 61.9","38.1",2012
"2101",64733,1996073,1,"**",NA,2012
"2111",64733,1996115,45," 55.6","44.4",2012
"2121",64733,1996651,21," 28.6","71.4",2012
"2131",64733,6017917,53," 17.0","83",2012
"2141",64733,6019632,60," 53.3","46.7",2012
"2151",64733,1,169," 31.4","68.6",2012
"216",64733,109934,51," 51.0","49",2012
"217",64733,112011,268," 36.9","63.1",2012
"218",64733,112060,71," 60.6","39.4",2012
"219",64733,117895,155," 51.0","49",2012
"220",64733,1932540,410," 59.0","41",2012
"2211",64733,1932847,238," 64.3","35.7",2012
"2221",64733,1932896,59," 45.8","54.2",2012
"223",64733,1935717,2,"**",NA,2012
"224",64733,6016885,115," 55.7","44.3",2012
"225",64733,6017297,25," 44.0","56",2012
"226",64733,6058085,568," 52.6","47.4",2012
"227",64733,6058093,521," 58.7","41.3",2012
"228",64733,6058101,285," 43.9","56.1",2012
"229",64733,6058119,139," 41.7","58.3",2012
"230",64733,6058127,216," 53.2","46.8",2012
"2311",64733,6058135,232," 43.1","56.9",2012
"2321",64733,6058143,659," 33.8","66.2",2012
"233",64733,6058168,375," 50.4","49.6",2012
"234",64733,6058176,341," 40.5","59.5",2012
"235",64733,6058184,456," 46.1","53.9",2012
"236",64733,6058192,331," 42.9","57.1",2012
"237",64733,6058200,278," 46.0","54",2012
"238",64733,6058218,535," 39.1","60.9",2012
"239",64733,6061394,252," 41.3","58.7",2012
"240",64733,6061402,391," 41.7","58.3",2012
"2411",64733,6061410,657," 49.6","50.4",2012
"2421",64733,6061436,662," 51.5","48.5",2012
"2431",64733,6061444,591," 38.7","61.3",2012
"2441",64733,6061451,362," 40.6","59.4",2012
"245",64733,6061469,711," 39.7","60.3",2012
"246",64733,6061477,637," 72.5","27.5",2012
"247",64733,6061485,314," 52.5","47.5",2012
"248",64733,6061501,385," 41.0","59",2012
"249",64733,6061519,570," 44.2","55.8",2012
"250",64733,6061527,369," 36.0","64",2012
"2511",64733,6066294,216," 47.2","52.8",2012
"2521",64733,6068431,530," 40.9","59.1",2012
"2531",64733,6069157,17," 52.9","47.1",2012
"254",64733,6107064,216," 44.4","55.6",2012
"255",64733,1,163," 42.9","57.1",2013
"256",64733,112011,297," 53.9","46.1",2013
"257",64733,122416,297," 44.8","55.2",2013
"258",64733,124446,179," 53.1","46.9",2013
"259",64733,124453,171," 52.6","47.4",2013
"260",64733,124529,113," 39.8","60.2",2013
"2611",64733,125971,137," 56.9","43.1",2013
"2621",64733,1931054,80," 46.2","53.8",2013
"2631",64733,1932540,393," 62.3","37.7",2013
"2641",64733,1932847,239," 61.9","38.1",2013
"265",64733,1932896,64," 59.4","40.6",2013
"266",64733,1937085,2,"**",NA,2013
"267",64733,6016141,60," 48.3","51.7",2013
"268",64733,6016349,92," 51.1","48.9",2013
"269",64733,6016679,1,"**",NA,2013
"270",64733,6017297,28," 42.9","57.1",2013
"2711",64733,6017917,52," 34.6","65.4",2013
"2721",64733,6019632,65," 52.3","47.7",2013
"2731",64733,6057921,368," 49.5","50.5",2013
"2741",64733,6057939,681," 51.2","48.8",2013
"275",64733,6057947,275," 52.7","47.3",2013
"276",64733,6057954,552," 58.3","41.7",2013
"277",64733,6057962,449," 43.2","56.8",2013
"278",64733,6057988,182," 58.2","41.8",2013
"279",64733,6057996,491," 53.4","46.6",2013
"280",64733,6058002,315," 40.3","59.7",2013
"2811",64733,6058028,245," 36.7","63.3",2013
"2821",64733,6058036,527," 49.0","51",2013
"2831",64733,6058044,299," 43.8","56.2",2013
"2841",64733,6058051,522," 43.7","56.3",2013
"285",64733,6058069,531," 61.4","38.6",2013
"286",64733,6058184,432," 49.5","50.5",2013
"287",64733,6058192,267," 49.4","50.6",2013
"288",64733,6058200,282," 57.4","42.6",2013
"289",64733,6058218,482," 47.9","52.1",2013
"290",64733,6058226,476," 60.9","39.1",2013
"2911",64733,6058242,561," 67.2","32.8",2013
"2921",64733,6058267,696," 71.6","28.4",2013
"2931",64733,6058275,503," 62.4","37.6",2013
"2941",64733,6058283,272," 53.3","46.7",2013
"295",64733,6058291,581," 47.3","52.7",2013
"296",64733,6058309,787," 46.1","53.9",2013
"297",64733,6058317,599," 51.6","48.4",2013
"298",64733,6058325,390," 47.4","52.6",2013
"299",64733,6058333,415," 51.1","48.9",2013
"300",64733,6061543,860," 68.0","32",2013
"3011",64733,6061550,371," 57.1","42.9",2013
"3021",64733,6061568,382," 51.3","48.7",2013
"3031",64733,6061576,491," 54.4","45.6",2013
"3041",64733,6061584,601," 61.7","38.3",2013
"305",64733,6061600,324," 49.7","50.3",2013
"306",64733,6062699,541," 70.1","29.9",2013
"307",64733,6066294,218," 50.5","49.5",2013
"308",64733,6068431,517," 53.6","46.4",2013
"309",64733,6069157,15," 66.7","33.3",2013
"3101",64733,6115794,566," 49.8","50.2",2013
"3111",64733,102764,1,"**",NA,2013
"3121",64733,107011,138," 49.3","50.7",2013
"3131",64733,112060,82," 78.0","22",2013
"3141",64733,121095,62," 50.0","50",2013
"3151",64733,114199,419," 48.7","51.3",2013
"3161",64733,122390,176," 46.0","54",2013
"3171",64733,122408,178," 46.6","53.4",2013
"318",64733,126581,183," 51.4","48.6",2013
"319",64733,126599,101," 49.5","50.5",2013
"320",64733,126607,105," 71.4","28.6",2013
"3211",64733,1930619,1,"**",NA,2013
"3221",64733,1931658,10,"**",NA,2013
"3231",64733,1931716,56," 50.0","50",2013
"324",64733,1996073,2,"**",NA,2013
"325",64733,1996115,53," 41.5","58.5",2013
"326",64733,1996651,22," 36.4","63.6",2013
"327",64733,6017818,52," 65.4","34.6",2013
"328",64733,6018865,17," 47.1","52.9",2013
"329",64733,6057855,326," 48.2","51.8",2013
"330",64733,6057871,315," 54.0","46",2013
"3311",64733,6057889,609," 44.2","55.8",2013
"3321",64733,6057897,427," 54.6","45.4",2013
"3331",64733,6057905,526," 47.1","52.9",2013
"3341",64733,6057913,298," 51.3","48.7",2013
"335",64733,6058077,229," 53.7","46.3",2013
"336",64733,6058085,618," 58.6","41.4",2013
"337",64733,6058093,476," 62.4","37.6",2013
"338",64733,6058101,288," 46.2","53.8",2013
"339",64733,6058119,159," 44.7","55.3",2013
"340",64733,6058127,220," 55.0","45",2013
"3411",64733,6058135,231," 54.5","45.5",2013
"3421",64733,6058143,609," 43.3","56.7",2013
"3431",64733,6058150,702," 66.4","33.6",2013
"344",64733,6058168,342," 55.3","44.7",2013
"345",64733,6058176,362," 46.1","53.9",2013
"346",64733,6107064,227," 45.8","54.2",2013
"347",64733,6118186,218," 48.2","51.8",2013
"348",64733,101329,3,"**",NA,2013
"349",64733,106971,501," 48.9","51.1",2013
"350",64733,106989,389," 53.7","46.3",2013
"3511",64733,109322,1,"**",NA,2013
"3521",64733,117044,408," 51.5","48.5",2013
"3531",64733,119685,92," 57.6","42.4",2013
"354",64733,119693,64," 50.0","50",2013
"355",64733,119701,172," 54.7","45.3",2013
"356",64733,119735,301," 45.5","54.5",2013
"357",64733,126458,202," 52.5","47.5",2013
"358",64733,126466,211," 54.5","45.5",2013
"359",64733,128355,25," 52.0","48",2013
"360",64733,1930064,6,"**",NA,2013
"3611",64733,1933233,222," 65.8","34.2",2013
"3621",64733,6016885,142," 54.2","45.8",2013
"3631",64733,6019475,122," 54.1","45.9",2013
"3641",64733,6058341,345," 49.6","50.4",2013
"365",64733,6058358,178," 52.2","47.8",2013
"366",64733,6058366,567," 54.7","45.3",2013
"367",64733,6058374,479," 47.8","52.2",2013
"368",64733,6058382,183," 61.7","38.3",2013
"369",64733,6060461,4,"**",NA,2013
"370",64733,6060495,10,"**",NA,2013
"3711",64733,6060503,15," 46.7","53.3",2013
"3721",64733,6060511,8,"**",NA,2013
"3731",64733,6060529,14," 71.4","28.6",2013
"3741",64733,6060545,8,"**",NA,2013
"375",64733,6060586,16," 68.8","31.2",2013
"376",64733,6061394,239," 49.4","50.6",2013
"377",64733,6061402,360," 49.7","50.3",2013
"378",64733,6061410,624," 57.4","42.6",2013
"379",64733,6061436,607," 59.8","40.2",2013
"380",64733,6061444,606," 47.2","52.8",2013
"3811",64733,6061451,332," 54.5","45.5",2013
"3821",64733,6061469,663," 48.1","51.9",2013
"3831",64733,6061477,603," 77.6","22.4",2013
"3841",64733,6061485,327," 50.8","49.2",2013
"385",64733,6061501,347," 50.7","49.3",2013
"386",64733,6061519,528," 42.8","57.2",2013
"387",64733,6061527,403," 51.1","48.9",2013
"388",64733,6061535,292," 44.5","55.5",2013
